{"meta":{"version":1,"warehouse":"4.0.0"},"models":{"Asset":[{"_id":"themes/pure/source/favicon.png","path":"favicon.png","modified":1,"renderable":1},{"_id":"themes/pure/source/css/style.css","path":"css/style.css","modified":1,"renderable":1},{"_id":"themes/pure/source/css/style.min.css","path":"css/style.min.css","modified":1,"renderable":1},{"_id":"themes/pure/source/fonts/README.md","path":"fonts/README.md","modified":1,"renderable":1},{"_id":"themes/pure/source/fonts/iconfont.eot","path":"fonts/iconfont.eot","modified":1,"renderable":1},{"_id":"themes/pure/source/fonts/iconfont.svg","path":"fonts/iconfont.svg","modified":1,"renderable":1},{"_id":"themes/pure/source/fonts/iconfont.ttf","path":"fonts/iconfont.ttf","modified":1,"renderable":1},{"_id":"themes/pure/source/fonts/iconfont.woff","path":"fonts/iconfont.woff","modified":1,"renderable":1},{"_id":"themes/pure/source/images/quark_junwei.jpg","path":"images/quark_junwei.jpg","modified":1,"renderable":1},{"_id":"themes/pure/source/images/thumb-default.png","path":"images/thumb-default.png","modified":1,"renderable":1},{"_id":"themes/pure/source/js/application.js","path":"js/application.js","modified":1,"renderable":1},{"_id":"themes/pure/source/js/application.min.js","path":"js/application.min.js","modified":1,"renderable":1},{"_id":"themes/pure/source/js/insight.js","path":"js/insight.js","modified":1,"renderable":1},{"_id":"themes/pure/source/js/jquery.min.js","path":"js/jquery.min.js","modified":1,"renderable":1},{"_id":"themes/pure/source/js/plugin.js","path":"js/plugin.js","modified":1,"renderable":1},{"_id":"themes/pure/source/js/plugin.js.map","path":"js/plugin.js.map","modified":1,"renderable":1},{"_id":"themes/pure/source/js/plugin.min.js","path":"js/plugin.min.js","modified":1,"renderable":1},{"_id":"themes/pure/source/images/donate/alipayimg.png","path":"images/donate/alipayimg.png","modified":1,"renderable":1},{"_id":"themes/pure/source/images/donate/wechatpayimg.png","path":"images/donate/wechatpayimg.png","modified":1,"renderable":1},{"_id":"themes/pure/source/images/favatar/SzsFox-logo.png","path":"images/favatar/SzsFox-logo.png","modified":1,"renderable":1},{"_id":"themes/pure/source/images/favatar/chuangzaoshi-logo.png","path":"images/favatar/chuangzaoshi-logo.png","modified":1,"renderable":1},{"_id":"themes/pure/source/images/favatar/idesign-logo.png","path":"images/favatar/idesign-logo.png","modified":1,"renderable":1}],"Cache":[{"_id":"source/_posts/Debian-Packaging.md","hash":"17c7537bc4ae604b9dc961f7e6e79aac1fa249e4","modified":1620030655417},{"_id":"source/_posts/pipenv.md","hash":"e13b8b338ba7e32b4a55fab4924b4f67b7e14192","modified":1600928559000},{"_id":"source/categories/index.md","hash":"8e6b60e5168f98481fa8d3bb63d75296743a9a5c","modified":1600843740000},{"_id":"source/about/index.md","hash":"6cf631a8acb46f76d07205957edc615cba0be1ec","modified":1619963025010},{"_id":"source/talks/index.md","hash":"fc265e887bb89a22c3d4d7b7d4829fedd07a0287","modified":1614920371000},{"_id":"source/tags/index.md","hash":"1bb21982e938f3225ba50ec758db4089724719b5","modified":1600843734000},{"_id":"source/_posts/.idea/_posts.iml","hash":"f223b4ce8a5c906ec7d06d73d942c033b0b45271","modified":1620029577038},{"_id":"source/books/index.md","hash":"501dd32b4167ea3e6176580b896fb480fd341449","modified":1600843744000},{"_id":"source/_posts/.idea/misc.xml","hash":"c4670bd34d32755c8a349b3b32400b5dc3ee2e87","modified":1620029577050},{"_id":"source/_posts/.idea/modules.xml","hash":"6abd6dcb985048745c9214d67295bdf1597307ee","modified":1620029577056},{"_id":"source/_posts/.idea/workspace.xml","hash":"3b9f444ac1a363ed4e3eea8aace853e5db51f6de","modified":1620029724233},{"_id":"source/_posts/.idea/inspectionProfiles/profiles_settings.xml","hash":"123097fe0d1ca811d1a355725d7066386ed490ec","modified":1620029577065},{"_id":"themes/pure/.gitignore","hash":"dbb41a2f30c98cb9de173d82736c46266c901cda","modified":1600830365000},{"_id":"themes/pure/LICENSE","hash":"c480fce396b23997ee23cc535518ffaaf7f458f8","modified":1600830365000},{"_id":"themes/pure/.DS_Store","hash":"2638881c1573fdcde772698d76966e75d1aece89","modified":1600831460000},{"_id":"themes/pure/_config.yml","hash":"9f67dae2918b8baf64fe00aef587c420670a0469","modified":1619963569530},{"_id":"themes/pure/README.md","hash":"5861cec81712af9197a210fd5212d007aad8b0de","modified":1600830365000},{"_id":"themes/pure/_config.yml.example","hash":"4714f87fdb6d4a6ea5ece84f4fe37f922337f14d","modified":1600830365000},{"_id":"themes/pure/README.cn.md","hash":"a634af4addbb57088935e060e8ec6035ea7bab76","modified":1600830365000},{"_id":"themes/pure/package.json","hash":"a61723eead5cae2c4d9f0f05cf40d2de7c286fee","modified":1600830366000},{"_id":"themes/pure/languages/default.yml","hash":"167ea0db98f4db156ea68c4644f64c0287ae2b6f","modified":1600830365000},{"_id":"themes/pure/languages/zh-CN.yml","hash":"057ebc043f09449af9768791c89c86dfc2938365","modified":1600830365000},{"_id":"themes/pure/languages/en.yml","hash":"bae5d1291507eea24f67d0bc4440a19dbe676cd5","modified":1600842897000},{"_id":"themes/pure/languages/zh-TW.yml","hash":"6d27c3114be539b8783ffce944f68b2e26a8c3b9","modified":1600830365000},{"_id":"themes/pure/layout/about.ejs","hash":"4f5c769e183249b12eb9d3141432bc0039519730","modified":1600830366000},{"_id":"themes/pure/layout/archive.ejs","hash":"ded5d953b35666e30f4c6e48e2d2c62af8d95ebf","modified":1600830366000},{"_id":"themes/pure/layout/books.ejs","hash":"6c64719cd7071b5319b01339aa524fdaab391385","modified":1600830366000},{"_id":"themes/pure/layout/category.ejs","hash":"3ca5651bbce7b0c280c906468f2eb18c2e55ebcb","modified":1600830366000},{"_id":"themes/pure/layout/categories.ejs","hash":"22a2bc1712dd9ba1a3027e875d636132d334fb00","modified":1600830366000},{"_id":"themes/pure/layout/index.ejs","hash":"07825d8d8b21eb7b694f5585567b9df5c5a91a60","modified":1600830366000},{"_id":"themes/pure/layout/layout.ejs","hash":"a29ab2e881954a252bfc0dc1a7eb5aa52768dd2a","modified":1600830366000},{"_id":"themes/pure/layout/links.ejs","hash":"77c5d1561e2c606c5b3bb39610133d84324074df","modified":1600830366000},{"_id":"themes/pure/layout/page.ejs","hash":"5c27475c176627e6e2e6a16172eb6980e56bcaff","modified":1600830366000},{"_id":"themes/pure/layout/post.ejs","hash":"5c27475c176627e6e2e6a16172eb6980e56bcaff","modified":1600830366000},{"_id":"themes/pure/layout/repository.ejs","hash":"fe4b3e051a8b0debe9ee22c2cc2cc935d92ee23f","modified":1600830366000},{"_id":"themes/pure/layout/tags.ejs","hash":"29f19a6ed10f8b1f069259a7aeaaacddcfaa2ed4","modified":1600830366000},{"_id":"themes/pure/layout/tag.ejs","hash":"df60564c162f7ad3422f8959dfea19351857a7cd","modified":1600830366000},{"_id":"themes/pure/scripts/thumbnail.js","hash":"e667a611f9baac270281b765832020d50bf8fb7f","modified":1600830366000},{"_id":"themes/pure/source/favicon.png","hash":"89875d3b018552e396fc5f0bd8ff5d9f5d4a5d71","modified":1600830366000},{"_id":"themes/pure/_source/404/index.md","hash":"8d493f624fdd29c8d0266767e56f343d549e16d8","modified":1600830365000},{"_id":"themes/pure/source/.DS_Store","hash":"bc20f512c40ff135113cc5b5ad075bd4fc2fecd1","modified":1600831460000},{"_id":"themes/pure/_source/_data/links.yml","hash":"aa443a4508550820c77c2a4f6abff1d38ad85054","modified":1600830365000},{"_id":"themes/pure/_source/_data/gallery.yml","hash":"e2b3fad87be3d1cfde1effa655d39678ee90907e","modified":1600830365000},{"_id":"themes/pure/_source/about/index.md","hash":"9c95cabb533409d06daefc4295021ad199761efc","modified":1600830365000},{"_id":"themes/pure/_source/categories/index.md","hash":"5d2a4f103d27bebbe3eef1604649d0f5c6d86ac6","modified":1600830365000},{"_id":"themes/pure/_source/books/index.md","hash":"cf4163959c23244059cbbbc1c0fe379cc3b2cb73","modified":1600830365000},{"_id":"themes/pure/_source/links/index.md","hash":"febcf87eb0ab3c5080578275d25f3970bba39625","modified":1600830365000},{"_id":"themes/pure/_source/repository/index.md","hash":"ed0e082c30f233dd5c140d188f1e4bce44bdbf79","modified":1600830365000},{"_id":"themes/pure/_source/tags/index.md","hash":"42e9c904ea63b0a7dd4033e2e8f153225bc5cda5","modified":1600830365000},{"_id":"themes/pure/layout/_common/footer.ejs","hash":"cdc48ec70d9202b947f2a9334234d038d7014a7d","modified":1600830365000},{"_id":"themes/pure/layout/_common/head.ejs","hash":"a48ef0fa22712b29ec044b9e5134461f3a21c10d","modified":1600830365000},{"_id":"themes/pure/layout/_common/header.ejs","hash":"3d739d1e2b2991927c08ec222db123830a44a519","modified":1600830365000},{"_id":"themes/pure/layout/_common/script.ejs","hash":"0031114d2a58f8601c2869f78ceedc75a10be90d","modified":1600830365000},{"_id":"themes/pure/layout/_common/social.ejs","hash":"a35a2610e9da762df96587b76b51470507a88cad","modified":1600830365000},{"_id":"themes/pure/layout/_script/analytics.ejs","hash":"e756a81f8c20a187fb863b9689f2f1fa15e2f4e1","modified":1600830366000},{"_id":"themes/pure/layout/_script/comment.ejs","hash":"6f951510bab9dc15474b6664e0329defccf29a30","modified":1600830366000},{"_id":"themes/pure/layout/_script/douban.ejs","hash":"143087db0573772b0bdaf7f93312553158942ec7","modified":1600830366000},{"_id":"themes/pure/layout/_script/fancybox.ejs","hash":"8f1be01e70a15b2c31ae57d8c6bce54622ebf8a7","modified":1600830366000},{"_id":"themes/pure/layout/_script/mathjax.ejs","hash":"f618393ab971b2faa80d541f2e6a553d9ace9816","modified":1600830366000},{"_id":"themes/pure/layout/_script/pv.ejs","hash":"fb9b5f16029f2ccef4b83cf4facfdcdd748b65b4","modified":1600830366000},{"_id":"themes/pure/layout/_script/search.ejs","hash":"7be33dc260ce788aa1a2cd3bd0386d95057533cb","modified":1600830366000},{"_id":"themes/pure/layout/_script/repository.ejs","hash":"14f2e7d4c1055ff6a5f5867dc0e9a9f6f4c28fe1","modified":1600830366000},{"_id":"themes/pure/layout/_search/baidu.ejs","hash":"67aab280a3ea34429f086cc5c3de7de17727c567","modified":1600830366000},{"_id":"themes/pure/layout/_search/index-mobile.ejs","hash":"c726e234c0166da69fdfbd3dd613a5eaf4c80258","modified":1600830366000},{"_id":"themes/pure/layout/_search/index.ejs","hash":"f8d5a9c3f777250f5fb6512bba585307f784d5cd","modified":1600830366000},{"_id":"themes/pure/layout/_search/insight.ejs","hash":"4af3e92ef98bedba9680d45699cb04dde4640536","modified":1600830366000},{"_id":"themes/pure/layout/_search/swiftype.ejs","hash":"4baeca36e410181300ae7d47ba1fb4755bcfcff0","modified":1600830366000},{"_id":"themes/pure/layout/_partial/archive-book.ejs","hash":"977f97f3636947006ad738e502858c46d4cd5ec7","modified":1600830365000},{"_id":"themes/pure/layout/_partial/archive-list.ejs","hash":"c66c86d6a6a90e00494c380603426fc0f4006311","modified":1600830365000},{"_id":"themes/pure/layout/_partial/archive-category.ejs","hash":"9c364fd6b5172890784141802f5f466241d233fd","modified":1600830365000},{"_id":"themes/pure/layout/_partial/archive-link.ejs","hash":"fe4d9bf526d8176683cea89b8561ced571374db0","modified":1600830365000},{"_id":"themes/pure/layout/_partial/archive-post.ejs","hash":"13039fec017332029122ef99901755fcecbfc8ea","modified":1600830365000},{"_id":"themes/pure/layout/_partial/archive-repository.ejs","hash":"e39dc762d9fe238cede462532e40eaa3d8651122","modified":1600830365000},{"_id":"themes/pure/layout/_partial/archive-tag.ejs","hash":"5de90244c3cedad531cccc03c40e5f9a3aef3c61","modified":1600830365000},{"_id":"themes/pure/layout/_partial/archive.ejs","hash":"4d6793f50d41fbd47dc50aa36b24d496006bba6c","modified":1600830365000},{"_id":"themes/pure/layout/_partial/article-about.ejs","hash":"7b80319daeb63401d1745b81cd9a6d1d21a4fb60","modified":1600830365000},{"_id":"themes/pure/layout/_partial/article.ejs","hash":"0f9b71de0087d1f777d92c5a0f3873971aec5a5b","modified":1600830365000},{"_id":"themes/pure/layout/_partial/item-post.ejs","hash":"9f755b0da1ea928dece32c2050d8a04b3a9fb13b","modified":1600830365000},{"_id":"themes/pure/layout/_partial/pagination.ejs","hash":"41a319642da5af07d6cfb8525796aa610b721879","modified":1600830365000},{"_id":"themes/pure/layout/_partial/sidebar-about.ejs","hash":"e10ea0176ba87e64888234bafedc01c92544352c","modified":1600830365000},{"_id":"themes/pure/layout/_partial/sidebar-toc.ejs","hash":"152538ceceb0fdef65c46470ebf0189f7b891c5b","modified":1600830365000},{"_id":"themes/pure/layout/_partial/sidebar.ejs","hash":"2aa8a9f90838e7c105e75e6d3d03cbf860bb1239","modified":1600830365000},{"_id":"themes/pure/layout/_widget/archive.ejs","hash":"af8ad7f62877764b75d5272d9d899fd6c8e3845c","modified":1600830366000},{"_id":"themes/pure/layout/_widget/board.ejs","hash":"acd27451be52703e670ce0b313f2da6fa24071e4","modified":1600830366000},{"_id":"themes/pure/layout/_widget/recent_posts.ejs","hash":"8942d60311797a591ba2d157c5cdd23e85ceb694","modified":1600830366000},{"_id":"themes/pure/layout/_widget/category.ejs","hash":"331b7642a0f58b9088b937436ab39076a4c5dd7e","modified":1600830366000},{"_id":"themes/pure/layout/_widget/tag.ejs","hash":"487628925da5fcac91463cdad3d9e55d071bd5ed","modified":1600830366000},{"_id":"themes/pure/layout/_widget/tagcloud.ejs","hash":"3291108e5411c48b2c5b3e17adace6ffa90d1c29","modified":1600830366000},{"_id":"themes/pure/source/fonts/README.md","hash":"c5772b99ad81291fb137b330813f866bdceea0a3","modified":1600830366000},{"_id":"themes/pure/source/fonts/iconfont.eot","hash":"6819d9bb643bdeafc17bfecb0746ae641b018fdf","modified":1600830366000},{"_id":"themes/pure/source/images/.DS_Store","hash":"b86bcb1dea7682c2e2532bc2e852eb6ed19de4a9","modified":1600849495000},{"_id":"themes/pure/source/fonts/iconfont.woff","hash":"78d29194287b8885d25212048c4f787705212a6e","modified":1600830366000},{"_id":"themes/pure/source/fonts/iconfont.ttf","hash":"9b8837f9f79cf6ab794736301d0665345183a20c","modified":1600830366000},{"_id":"themes/pure/source/images/thumb-default.png","hash":"e8403b97ed9251f9f5207765b0ce796c5000b4ba","modified":1600830366000},{"_id":"themes/pure/source/images/quark_junwei.jpg","hash":"2eb93b8fc016edf77230af338123d56774f04fdb","modified":1600831086000},{"_id":"themes/pure/source/js/application.js","hash":"46d1fb207ce5f0acb83803f927985dfcea86f9ef","modified":1600830366000},{"_id":"themes/pure/source/js/application.min.js","hash":"34d765e982c7d6360c37f82202d99f63ac40e408","modified":1600830366000},{"_id":"themes/pure/source/js/insight.js","hash":"298e8ca42517984bd26f34caa4c45560b0e909ad","modified":1600830366000},{"_id":"themes/pure/layout/_script/_analytics/tencent-analytics.ejs","hash":"77defb41a1613a758ff5a6a5128c6107fc584190","modified":1600830365000},{"_id":"themes/pure/layout/_script/_comment/disqus.ejs","hash":"a051e3eddc75586e69131c29ab8c89d69626e0fd","modified":1600830365000},{"_id":"themes/pure/layout/_script/_analytics/baidu-analytics.ejs","hash":"f314be7860c1d5930f1600d010e3120ba5c85325","modified":1600830365000},{"_id":"themes/pure/layout/_script/_analytics/google-analytics.ejs","hash":"54f1dc9375cbdb65464e0ac1b58847aa5e8bc6a5","modified":1600830365000},{"_id":"themes/pure/layout/_script/_comment/gitalk.ejs","hash":"fb01f1631c3ae7fe6211dc03233506cb344229be","modified":1600830365000},{"_id":"themes/pure/layout/_script/_comment/gitment.ejs","hash":"a64852076483395738a398deb4c10bdb0f3b7b71","modified":1600830365000},{"_id":"themes/pure/layout/_script/_comment/livere.ejs","hash":"5ab997d5ee4475d2f89f882fab4a52648dbe0e30","modified":1600830366000},{"_id":"themes/pure/layout/_script/_comment/valine.ejs","hash":"acf81f9a59dc45f197d723f70484de5fcd166577","modified":1600830366000},{"_id":"themes/pure/layout/_script/_comment/youyan.ejs","hash":"095649a173573d03b5845c2e331ec7be976b152a","modified":1600830366000},{"_id":"themes/pure/layout/_script/_search/baidu.ejs","hash":"9b60ffa2e2725a993e9cecfb81ddedd9b9361011","modified":1600830366000},{"_id":"themes/pure/layout/_script/_search/insight.ejs","hash":"3543c11d060feaf9381b5d87564b01ffef0e0a59","modified":1600830366000},{"_id":"themes/pure/layout/_partial/post/category.ejs","hash":"fcee6b4aef8b6c4627831ff8dbb2d73478511426","modified":1600830365000},{"_id":"themes/pure/layout/_partial/post/copyright.ejs","hash":"49c2efdd88f5e789bafce1c5f8f3a392365b17a7","modified":1600832804000},{"_id":"themes/pure/layout/_partial/post/comment.ejs","hash":"3c0da69fcea6ccfd97b82d50e740107a88eec5c4","modified":1600830365000},{"_id":"themes/pure/layout/_partial/post/date.ejs","hash":"7d4979652998abf92a64bfae8157b70d6e514057","modified":1600830365000},{"_id":"themes/pure/layout/_partial/post/donate.ejs","hash":"a251dc34d660601a2e8b7d98b3bfe2b9023dbbce","modified":1600830365000},{"_id":"themes/pure/layout/_partial/post/gallery.ejs","hash":"3d9d81a3c693ff2378ef06ddb6810254e509de5b","modified":1600830365000},{"_id":"themes/pure/layout/_partial/post/nav.ejs","hash":"95eabc0fe4033ec61b240a16eeaf7dc62a9e3da1","modified":1600830365000},{"_id":"themes/pure/layout/_partial/post/pv.ejs","hash":"ec3ccf322432afc2761f860c5a3000ac34d46e4c","modified":1600830365000},{"_id":"themes/pure/layout/_partial/post/tag.ejs","hash":"39f53ead07f75c181a7ba93e586dd1b8171620f1","modified":1600830365000},{"_id":"themes/pure/layout/_partial/post/thumbnail.ejs","hash":"080d5c5f3e95accf51893a7092695fe32d34a087","modified":1600830365000},{"_id":"themes/pure/layout/_partial/post/wordcount.ejs","hash":"bd06c4c8449ed96aabf655fe1ae3be1f0707b81e","modified":1600830365000},{"_id":"themes/pure/layout/_partial/post/title.ejs","hash":"2f275739b6f1193c123646a5a31f37d48644c667","modified":1600830365000},{"_id":"themes/pure/source/images/donate/alipayimg.png","hash":"9562f23f2eb57841c65dc769b6cc43a2cf0efa94","modified":1600830366000},{"_id":"themes/pure/source/images/donate/wechatpayimg.png","hash":"c0844d9a633696cb00ae64fde06f0f924f63b596","modified":1600830366000},{"_id":"themes/pure/source/images/favatar/SzsFox-logo.png","hash":"d71fcc73b7bc2a439d8c7ba461137856d190bd76","modified":1600830366000},{"_id":"themes/pure/source/images/favatar/chuangzaoshi-logo.png","hash":"7fa5734072050952159a02d330bbc008b5a99122","modified":1600830366000},{"_id":"themes/pure/source/images/favatar/idesign-logo.png","hash":"6b150a2dbb9912b7a7662255c27e4d4baaecee71","modified":1600830366000},{"_id":"themes/pure/screenshot/pure-theme-blue.png","hash":"6146890a68d5ea9d343c48d50151ddd5a2a1872c","modified":1600830366000},{"_id":"themes/pure/screenshot/pure-theme-black.png","hash":"10b40f398af7eb7e8ba2bf2f2a959d8779fc1fe1","modified":1600830366000},{"_id":"themes/pure/screenshot/pure-theme-purple.png","hash":"9855d2eb0acd23370209354f232471df8f4f72e2","modified":1600830366000},{"_id":"themes/pure/screenshot/pure-theme-green.png","hash":"12ec0c6033cb2762839fdf75434bbb4fbf946022","modified":1600830366000},{"_id":"themes/pure/screenshot/pure.png","hash":"8f4cfd8d7edfa4fbffdf375291302d9807f5cc1c","modified":1600830366000},{"_id":"themes/pure/source/js/plugin.js","hash":"a8524d42b8621bfaa06602a163c6a1f82702b91d","modified":1600830366000},{"_id":"themes/pure/source/js/jquery.min.js","hash":"5a9dcfbef655a2668e78baebeaa8dc6f41d8dabb","modified":1600830366000},{"_id":"themes/pure/source/js/plugin.min.js","hash":"07fe34638f9832702c5f81d8583c5e4e8b3d9659","modified":1600830366000},{"_id":"themes/pure/source/css/style.min.css","hash":"1d23abc76726ebe042f7df4749f00f8f73338444","modified":1600830366000},{"_id":"themes/pure/source/css/style.css","hash":"3b693ce41c2e35ece4773593e94b4c17aeaee02f","modified":1600830366000},{"_id":"themes/pure/source/fonts/iconfont.svg","hash":"25929e6e74f7027acd1f6467a67e95b153bcd8d5","modified":1600830366000},{"_id":"themes/pure/source/js/plugin.js.map","hash":"1730c0cc660f863120aca0a439d7264e2e245fc5","modified":1600830366000},{"_id":"themes/pure/screenshot/pure.psd","hash":"a31cea40b45bdc31f051fca2f1e2f4ecbaee1a94","modified":1600830366000},{"_id":"public/content.json","hash":"f893f364c2aa5b0f09db31f777a2abf091d83505","modified":1620030664976},{"_id":"public/sitemap.xml","hash":"0338e32155d2ff86d327cc781d9b8c167c781e46","modified":1620030664976},{"_id":"public/atom.xml","hash":"7a536ee40221b80cb723f3dce7dffa98f3d4ce6d","modified":1620030664976},{"_id":"public/categories/index.html","hash":"8a3444d46daf9552b637787b0337e392abd15b47","modified":1620030664976},{"_id":"public/books/index.html","hash":"549fff1194668ec87b132011b67a73bb8dec5903","modified":1620030664976},{"_id":"public/2020/09/24/pipenv/index.html","hash":"bbc2a92fd954b35a887f0d5e89559a89c44951a2","modified":1620030664976},{"_id":"public/archives/index.html","hash":"32c2fd45c8a2e3da606a090cd0b44dee8be91d4b","modified":1620030664976},{"_id":"public/archives/2020/index.html","hash":"0c22f1e3ddec5a2a66ac03787dd87f5516e47197","modified":1620030664976},{"_id":"public/archives/2020/09/index.html","hash":"58f43fd551782205154ff9ba8bdbcea4a16e340d","modified":1620030664976},{"_id":"public/archives/2021/index.html","hash":"c1b0f54f93afaf4c3f736470dbda7d161f881ffc","modified":1620030664976},{"_id":"public/archives/2021/05/index.html","hash":"f83ea9f8679e82f43c91677304cdfa4ed9f35091","modified":1620030664976},{"_id":"public/index.html","hash":"a54e5df81916a2852b7ad9dcd8744c78fb03b617","modified":1620030664976},{"_id":"public/tags/Debian/index.html","hash":"3b5a1c7c098f2b1ec453362b291291bebafa8a30","modified":1620030664976},{"_id":"public/tags/Linux/index.html","hash":"2ddff63c36d472f00dd6e562f348fecbe00bf6cd","modified":1620030664976},{"_id":"public/tags/Kali-Linux/index.html","hash":"0e3e83803155cf6c3efacb5b6704a3986ff2984e","modified":1620030664976},{"_id":"public/tags/python/index.html","hash":"4cf8ab26cf6f814d6846297c58a44ff4c99e4a39","modified":1620030664976},{"_id":"public/tags/git/index.html","hash":"aaa0c8705fd10ee75c3e9ec42411e02f37787e94","modified":1620030664976},{"_id":"public/about/index.html","hash":"e4b5c387753a944e2332b1749347464bd6d0509f","modified":1620030664976},{"_id":"public/talks/index.html","hash":"5c9850f27e12bf5a5e4a16b6e84824608297debf","modified":1620030664976},{"_id":"public/tags/index.html","hash":"9025fb038fe383a2ef4627964e97a83d045948ed","modified":1620030664976},{"_id":"public/2021/05/03/Debian-Packaging/index.html","hash":"e7c5551cc13228c046382cc051badd57bcefcde8","modified":1620030664976},{"_id":"public/favicon.png","hash":"89875d3b018552e396fc5f0bd8ff5d9f5d4a5d71","modified":1620030664976},{"_id":"public/fonts/iconfont.eot","hash":"6819d9bb643bdeafc17bfecb0746ae641b018fdf","modified":1620030664976},{"_id":"public/fonts/iconfont.ttf","hash":"9b8837f9f79cf6ab794736301d0665345183a20c","modified":1620030664976},{"_id":"public/fonts/iconfont.woff","hash":"78d29194287b8885d25212048c4f787705212a6e","modified":1620030664976},{"_id":"public/images/quark_junwei.jpg","hash":"2eb93b8fc016edf77230af338123d56774f04fdb","modified":1620030664976},{"_id":"public/images/donate/alipayimg.png","hash":"9562f23f2eb57841c65dc769b6cc43a2cf0efa94","modified":1620030664976},{"_id":"public/images/donate/wechatpayimg.png","hash":"c0844d9a633696cb00ae64fde06f0f924f63b596","modified":1620030664976},{"_id":"public/images/thumb-default.png","hash":"e8403b97ed9251f9f5207765b0ce796c5000b4ba","modified":1620030664976},{"_id":"public/images/favatar/chuangzaoshi-logo.png","hash":"7fa5734072050952159a02d330bbc008b5a99122","modified":1620030664976},{"_id":"public/images/favatar/SzsFox-logo.png","hash":"d71fcc73b7bc2a439d8c7ba461137856d190bd76","modified":1620030664976},{"_id":"public/images/favatar/idesign-logo.png","hash":"6b150a2dbb9912b7a7662255c27e4d4baaecee71","modified":1620030664976},{"_id":"public/fonts/README.html","hash":"f74a3f2ae8b6d0d95c72eb29535c2928b83446d0","modified":1620030664976},{"_id":"public/js/application.js","hash":"46d1fb207ce5f0acb83803f927985dfcea86f9ef","modified":1620030664976},{"_id":"public/js/application.min.js","hash":"34d765e982c7d6360c37f82202d99f63ac40e408","modified":1620030664976},{"_id":"public/js/insight.js","hash":"298e8ca42517984bd26f34caa4c45560b0e909ad","modified":1620030664976},{"_id":"public/css/style.min.css","hash":"1d23abc76726ebe042f7df4749f00f8f73338444","modified":1620030664976},{"_id":"public/css/style.css","hash":"3b693ce41c2e35ece4773593e94b4c17aeaee02f","modified":1620030664976},{"_id":"public/js/plugin.js","hash":"a8524d42b8621bfaa06602a163c6a1f82702b91d","modified":1620030664976},{"_id":"public/js/jquery.min.js","hash":"5a9dcfbef655a2668e78baebeaa8dc6f41d8dabb","modified":1620030664976},{"_id":"public/js/plugin.min.js","hash":"07fe34638f9832702c5f81d8583c5e4e8b3d9659","modified":1620030664976},{"_id":"public/fonts/iconfont.svg","hash":"25929e6e74f7027acd1f6467a67e95b153bcd8d5","modified":1620030664976},{"_id":"public/js/plugin.js.map","hash":"1730c0cc660f863120aca0a439d7264e2e245fc5","modified":1620030664976}],"Category":[],"Data":[],"Page":[{"title":"About","description":"Hi there 👋","layout":"about","comments":0,"sidebar":"custom","_content":"\nJunWei is a security researcher and open-source enthusiast from Taiwan. A paranoid Pythonista and CPython contributor who now focuses on Android reverse engineering and malware analysis. And as a member of the PyCon Taiwan Program Committee, previously presented at Black Hat, DEFCON, HITB, ROOTCON, GrayHat, PyCon Europe/TW/KR/MY/IN. He’s the co-founder of Quark-Engine and the Quark package maintainer on Kali Linux, leading Quark to participate in the GSoC under the Honeynet Project since 2021.\n\nGoogle summer of code 2021 [Mentor](https://www.honeynet.org/gsoc/gsoc-2021/google-summer-of-code-2021-project-ideas#quark)\n\n* [履歷 (Mandarin Version 中文版)](https://www.cakeresume.com/sungboss2004)\n* [Resume (English Version 英文版)](https://github.com/krnick/notes/blob/master/CV.pdf)\n\n\n\nThe projects I am currently working on:\n\n\n[![ReadMe Card](https://github-readme-stats.vercel.app/api/pin/?username=quark-engine&repo=quark-engine)](https://github.com/quark-engine/quark-engine)\n\n\n\n![JunWei Song's github stats](https://github-readme-stats.vercel.app/api?username=krnick&theme=blue-green&show_icons=true)\n\n![visitors](https://visitor-badge.laobi.icu/badge?page_id=krnick.krnick)\n","source":"about/index.md","raw":"---\ntitle: About\ndescription: Hi there 👋\nlayout: about\ncomments: false\nsidebar: custom\n---\n\nJunWei is a security researcher and open-source enthusiast from Taiwan. A paranoid Pythonista and CPython contributor who now focuses on Android reverse engineering and malware analysis. And as a member of the PyCon Taiwan Program Committee, previously presented at Black Hat, DEFCON, HITB, ROOTCON, GrayHat, PyCon Europe/TW/KR/MY/IN. He’s the co-founder of Quark-Engine and the Quark package maintainer on Kali Linux, leading Quark to participate in the GSoC under the Honeynet Project since 2021.\n\nGoogle summer of code 2021 [Mentor](https://www.honeynet.org/gsoc/gsoc-2021/google-summer-of-code-2021-project-ideas#quark)\n\n* [履歷 (Mandarin Version 中文版)](https://www.cakeresume.com/sungboss2004)\n* [Resume (English Version 英文版)](https://github.com/krnick/notes/blob/master/CV.pdf)\n\n\n\nThe projects I am currently working on:\n\n\n[![ReadMe Card](https://github-readme-stats.vercel.app/api/pin/?username=quark-engine&repo=quark-engine)](https://github.com/quark-engine/quark-engine)\n\n\n\n![JunWei Song's github stats](https://github-readme-stats.vercel.app/api?username=krnick&theme=blue-green&show_icons=true)\n\n![visitors](https://visitor-badge.laobi.icu/badge?page_id=krnick.krnick)\n","date":"2021-05-02T13:43:45.021Z","updated":"2021-05-02T13:43:45.010Z","path":"about/index.html","_id":"cko8cfhk40000ggsa4ie0dswe","content":"<p>JunWei is a security researcher and open-source enthusiast from Taiwan. A paranoid Pythonista and CPython contributor who now focuses on Android reverse engineering and malware analysis. And as a member of the PyCon Taiwan Program Committee, previously presented at Black Hat, DEFCON, HITB, ROOTCON, GrayHat, PyCon Europe/TW/KR/MY/IN. He’s the co-founder of Quark-Engine and the Quark package maintainer on Kali Linux, leading Quark to participate in the GSoC under the Honeynet Project since 2021.</p>\n<p>Google summer of code 2021 <a href=\"https://www.honeynet.org/gsoc/gsoc-2021/google-summer-of-code-2021-project-ideas#quark\">Mentor</a></p>\n<ul>\n<li><a href=\"https://www.cakeresume.com/sungboss2004\">履歷 (Mandarin Version 中文版)</a></li>\n<li><a href=\"https://github.com/krnick/notes/blob/master/CV.pdf\">Resume (English Version 英文版)</a></li>\n</ul>\n<p>The projects I am currently working on:</p>\n<p><a href=\"https://github.com/quark-engine/quark-engine\"><img src=\"https://github-readme-stats.vercel.app/api/pin/?username=quark-engine&repo=quark-engine\" alt=\"ReadMe Card\"></a></p>\n<p><img src=\"https://github-readme-stats.vercel.app/api?username=krnick&theme=blue-green&show_icons=true\" alt=\"JunWei Song&#39;s github stats\"></p>\n<p><img src=\"https://visitor-badge.laobi.icu/badge?page_id=krnick.krnick\" alt=\"visitors\"></p>\n","site":{"data":{}},"excerpt":"","more":"<p>JunWei is a security researcher and open-source enthusiast from Taiwan. A paranoid Pythonista and CPython contributor who now focuses on Android reverse engineering and malware analysis. And as a member of the PyCon Taiwan Program Committee, previously presented at Black Hat, DEFCON, HITB, ROOTCON, GrayHat, PyCon Europe/TW/KR/MY/IN. He’s the co-founder of Quark-Engine and the Quark package maintainer on Kali Linux, leading Quark to participate in the GSoC under the Honeynet Project since 2021.</p>\n<p>Google summer of code 2021 <a href=\"https://www.honeynet.org/gsoc/gsoc-2021/google-summer-of-code-2021-project-ideas#quark\">Mentor</a></p>\n<ul>\n<li><a href=\"https://www.cakeresume.com/sungboss2004\">履歷 (Mandarin Version 中文版)</a></li>\n<li><a href=\"https://github.com/krnick/notes/blob/master/CV.pdf\">Resume (English Version 英文版)</a></li>\n</ul>\n<p>The projects I am currently working on:</p>\n<p><a href=\"https://github.com/quark-engine/quark-engine\"><img src=\"https://github-readme-stats.vercel.app/api/pin/?username=quark-engine&repo=quark-engine\" alt=\"ReadMe Card\"></a></p>\n<p><img src=\"https://github-readme-stats.vercel.app/api?username=krnick&theme=blue-green&show_icons=true\" alt=\"JunWei Song&#39;s github stats\"></p>\n<p><img src=\"https://visitor-badge.laobi.icu/badge?page_id=krnick.krnick\" alt=\"visitors\"></p>\n"},{"title":"Categories","layout":"categories","date":"2020-09-23T05:06:09.000Z","comments":0,"_content":"","source":"categories/index.md","raw":"---\ntitle: Categories\nlayout: categories\ndate: 2020-09-23 13:06:09\ncomments: false\n---\n","updated":"2020-09-23T06:49:00.000Z","path":"categories/index.html","_id":"cko8cfhkc0002ggsadm5k8vhq","content":"","site":{"data":{}},"excerpt":"","more":""},{"title":"Books","date":"2020-09-23T04:54:06.000Z","comments":0,"_content":"","source":"books/index.md","raw":"---\ntitle: Books\ndate: 2020-09-23 12:54:06\ncomments: false\n---\n","updated":"2020-09-23T06:49:04.000Z","path":"books/index.html","layout":"page","_id":"cko8cfhkg0005ggsabdtf0qs5","content":"","site":{"data":{}},"excerpt":"","more":""},{"title":"Talks","date":"2020-09-23T06:16:10.000Z","comments":0,"_content":"\n## Talks\n\n### Black Hat Asia\n\nBlack Hat Asia Arsenal 2021\n\n### DEFCON 28\n\n[DEFCON Blue Team Villages 2020 ](https://cfc.blueteamvillage.org/call-for-content-2020/talk/FWDP3K/), [Video](https://www.youtube.com/watch?v=XK-yqHPnsvc&ab_channel=DEFCONConference)\n\n### ROOTCON\n\n[ROOTCON 2020](https://www.rootcon.org/html/recoverymode/talks#quark_engine)\n\n### Hack in the box\n\n[HITB Lockdwon 2020](https://conference.hitb.org/hitb-lockdown002/sessions/quark-engine-an-obfuscation-neglect-android-malware-scoring-system/), [Video](https://conference.hitb.org/hitb-lockdown002/sessions/quark-engine-an-obfuscation-neglect-android-malware-scoring-system/)\n\n[HITB2020AMS Armory](https://conference.hitb.org/hitbsecconf2020ams/hitb-armory/)\n\n### PyCon\n\n- 2020\n\n    [PyCon India 2020](https://in.pycon.org/cfp/2020/proposals/so-you-want-to-build-an-anti-virus-engine~bDM6d/)\n    [Europython 2020](https://ep2020.europython.eu/talks/BDppVua-so-you-want-to-build-an-anti-virus-engine/) \n    [PyCon Taiwan 2020](https://tw.pycon.org/2020/zh-hant/conference/talk/1124332019854082369/) \n\n- 2019\n\n    [PyCon Taiwan 2019](https://www.youtube.com/watch?v=D_WHNa4VO0I) \n    [PyCon Korea 2019](https://www.youtube.com/watch?v=-S4JVQt6GX4)\n    [PyCon Malaysia 2019](https://www.youtube.com/watch?v=hDtBRnfe85A)\n\n","source":"talks/index.md","raw":"---\ntitle: Talks\ndate: 2020-09-23 14:16:10\ncomments: false\n---\n\n## Talks\n\n### Black Hat Asia\n\nBlack Hat Asia Arsenal 2021\n\n### DEFCON 28\n\n[DEFCON Blue Team Villages 2020 ](https://cfc.blueteamvillage.org/call-for-content-2020/talk/FWDP3K/), [Video](https://www.youtube.com/watch?v=XK-yqHPnsvc&ab_channel=DEFCONConference)\n\n### ROOTCON\n\n[ROOTCON 2020](https://www.rootcon.org/html/recoverymode/talks#quark_engine)\n\n### Hack in the box\n\n[HITB Lockdwon 2020](https://conference.hitb.org/hitb-lockdown002/sessions/quark-engine-an-obfuscation-neglect-android-malware-scoring-system/), [Video](https://conference.hitb.org/hitb-lockdown002/sessions/quark-engine-an-obfuscation-neglect-android-malware-scoring-system/)\n\n[HITB2020AMS Armory](https://conference.hitb.org/hitbsecconf2020ams/hitb-armory/)\n\n### PyCon\n\n- 2020\n\n    [PyCon India 2020](https://in.pycon.org/cfp/2020/proposals/so-you-want-to-build-an-anti-virus-engine~bDM6d/)\n    [Europython 2020](https://ep2020.europython.eu/talks/BDppVua-so-you-want-to-build-an-anti-virus-engine/) \n    [PyCon Taiwan 2020](https://tw.pycon.org/2020/zh-hant/conference/talk/1124332019854082369/) \n\n- 2019\n\n    [PyCon Taiwan 2019](https://www.youtube.com/watch?v=D_WHNa4VO0I) \n    [PyCon Korea 2019](https://www.youtube.com/watch?v=-S4JVQt6GX4)\n    [PyCon Malaysia 2019](https://www.youtube.com/watch?v=hDtBRnfe85A)\n\n","updated":"2021-03-05T04:59:31.000Z","path":"talks/index.html","layout":"page","_id":"cko8cfhkh0006ggsa4byy71cj","content":"<h2 id=\"Talks\"><a href=\"#Talks\" class=\"headerlink\" title=\"Talks\"></a>Talks</h2><h3 id=\"Black-Hat-Asia\"><a href=\"#Black-Hat-Asia\" class=\"headerlink\" title=\"Black Hat Asia\"></a>Black Hat Asia</h3><p>Black Hat Asia Arsenal 2021</p>\n<h3 id=\"DEFCON-28\"><a href=\"#DEFCON-28\" class=\"headerlink\" title=\"DEFCON 28\"></a>DEFCON 28</h3><p><a href=\"https://cfc.blueteamvillage.org/call-for-content-2020/talk/FWDP3K/\">DEFCON Blue Team Villages 2020 </a>, <a href=\"https://www.youtube.com/watch?v=XK-yqHPnsvc&ab_channel=DEFCONConference\">Video</a></p>\n<h3 id=\"ROOTCON\"><a href=\"#ROOTCON\" class=\"headerlink\" title=\"ROOTCON\"></a>ROOTCON</h3><p><a href=\"https://www.rootcon.org/html/recoverymode/talks#quark_engine\">ROOTCON 2020</a></p>\n<h3 id=\"Hack-in-the-box\"><a href=\"#Hack-in-the-box\" class=\"headerlink\" title=\"Hack in the box\"></a>Hack in the box</h3><p><a href=\"https://conference.hitb.org/hitb-lockdown002/sessions/quark-engine-an-obfuscation-neglect-android-malware-scoring-system/\">HITB Lockdwon 2020</a>, <a href=\"https://conference.hitb.org/hitb-lockdown002/sessions/quark-engine-an-obfuscation-neglect-android-malware-scoring-system/\">Video</a></p>\n<p><a href=\"https://conference.hitb.org/hitbsecconf2020ams/hitb-armory/\">HITB2020AMS Armory</a></p>\n<h3 id=\"PyCon\"><a href=\"#PyCon\" class=\"headerlink\" title=\"PyCon\"></a>PyCon</h3><ul>\n<li><p>2020</p>\n<p>  <a href=\"https://in.pycon.org/cfp/2020/proposals/so-you-want-to-build-an-anti-virus-engine~bDM6d/\">PyCon India 2020</a><br>  <a href=\"https://ep2020.europython.eu/talks/BDppVua-so-you-want-to-build-an-anti-virus-engine/\">Europython 2020</a><br>  <a href=\"https://tw.pycon.org/2020/zh-hant/conference/talk/1124332019854082369/\">PyCon Taiwan 2020</a> </p>\n</li>\n<li><p>2019</p>\n<p>  <a href=\"https://www.youtube.com/watch?v=D_WHNa4VO0I\">PyCon Taiwan 2019</a><br>  <a href=\"https://www.youtube.com/watch?v=-S4JVQt6GX4\">PyCon Korea 2019</a><br>  <a href=\"https://www.youtube.com/watch?v=hDtBRnfe85A\">PyCon Malaysia 2019</a></p>\n</li>\n</ul>\n","site":{"data":{}},"excerpt":"","more":"<h2 id=\"Talks\"><a href=\"#Talks\" class=\"headerlink\" title=\"Talks\"></a>Talks</h2><h3 id=\"Black-Hat-Asia\"><a href=\"#Black-Hat-Asia\" class=\"headerlink\" title=\"Black Hat Asia\"></a>Black Hat Asia</h3><p>Black Hat Asia Arsenal 2021</p>\n<h3 id=\"DEFCON-28\"><a href=\"#DEFCON-28\" class=\"headerlink\" title=\"DEFCON 28\"></a>DEFCON 28</h3><p><a href=\"https://cfc.blueteamvillage.org/call-for-content-2020/talk/FWDP3K/\">DEFCON Blue Team Villages 2020 </a>, <a href=\"https://www.youtube.com/watch?v=XK-yqHPnsvc&ab_channel=DEFCONConference\">Video</a></p>\n<h3 id=\"ROOTCON\"><a href=\"#ROOTCON\" class=\"headerlink\" title=\"ROOTCON\"></a>ROOTCON</h3><p><a href=\"https://www.rootcon.org/html/recoverymode/talks#quark_engine\">ROOTCON 2020</a></p>\n<h3 id=\"Hack-in-the-box\"><a href=\"#Hack-in-the-box\" class=\"headerlink\" title=\"Hack in the box\"></a>Hack in the box</h3><p><a href=\"https://conference.hitb.org/hitb-lockdown002/sessions/quark-engine-an-obfuscation-neglect-android-malware-scoring-system/\">HITB Lockdwon 2020</a>, <a href=\"https://conference.hitb.org/hitb-lockdown002/sessions/quark-engine-an-obfuscation-neglect-android-malware-scoring-system/\">Video</a></p>\n<p><a href=\"https://conference.hitb.org/hitbsecconf2020ams/hitb-armory/\">HITB2020AMS Armory</a></p>\n<h3 id=\"PyCon\"><a href=\"#PyCon\" class=\"headerlink\" title=\"PyCon\"></a>PyCon</h3><ul>\n<li><p>2020</p>\n<p>  <a href=\"https://in.pycon.org/cfp/2020/proposals/so-you-want-to-build-an-anti-virus-engine~bDM6d/\">PyCon India 2020</a><br>  <a href=\"https://ep2020.europython.eu/talks/BDppVua-so-you-want-to-build-an-anti-virus-engine/\">Europython 2020</a><br>  <a href=\"https://tw.pycon.org/2020/zh-hant/conference/talk/1124332019854082369/\">PyCon Taiwan 2020</a> </p>\n</li>\n<li><p>2019</p>\n<p>  <a href=\"https://www.youtube.com/watch?v=D_WHNa4VO0I\">PyCon Taiwan 2019</a><br>  <a href=\"https://www.youtube.com/watch?v=-S4JVQt6GX4\">PyCon Korea 2019</a><br>  <a href=\"https://www.youtube.com/watch?v=hDtBRnfe85A\">PyCon Malaysia 2019</a></p>\n</li>\n</ul>\n"},{"title":"Tags","date":"2020-09-23T05:06:01.000Z","layout":"tags","comments":0,"_content":"","source":"tags/index.md","raw":"---\ntitle: Tags\ndate: 2020-09-23 13:06:01\nlayout: tags\ncomments: false\n---\n","updated":"2020-09-23T06:48:54.000Z","path":"tags/index.html","_id":"cko8cfhki0007ggsab8g6e1yw","content":"","site":{"data":{}},"excerpt":"","more":""}],"Post":[{"title":"Debian Packaging","date":"2021-05-03T08:10:42.000Z","_content":"\n前陣子要將 Quark 上傳至 [Kali Linux](https://www.kali.org/)，需要包成一個 Debian 的安裝檔案費了不少力氣，以下紀錄一下該如何打包一個 Python 專案至 Debian 的 .deb 安裝檔案。\n\n[Kali Linux issue 0007121](https://bugs.kali.org/view.php?id=7121)\n\n## Creating the Debian files\n\nDebian套件強制規定 debian 目錄下需要有以下四個檔案\n\n* control\n* copyright\n* changelog\n* rules\n\n細節可參考 Quark 完成後的 [Debian-目錄](https://github.com/quark-engine/quark-engine/tree/master/debian)\n\n---\n\n### 產生 debian 目錄\n\n使用 `dh_make` 可以自動幫你產生所需的這四個檔案，`quark-engine_21.02.2.orig.tar.gz` 為你的專案壓縮檔案。\n\n```bash=\ndh_make -p quark-engine_21.02.2 -f quark-engine_21.02.2.orig.tar.gz \n\nrm *.ex *.EX README.* *.docs\n```\n\n## System Requirements\n\n\n更新環境\n\n```bash=\necho \"deb http://http.kali.org/kali kali-rolling main non-free contrib\" | sudo tee /etc/apt/sources.list\n\nsudo apt-get update\n```\n\n安裝需要的檔案\n```bash=\nsudo apt install -y packaging-dev apt-file gitk mr\n\nsudo apt-get install -y devscripts debhelper dh-make git-buildpackage sbuild dh-python python3-all\n```\n\n設定 sbuild，完成後重新登入\n\n```bash=\nsudo mkdir -p /srv/chroots/\ncd /srv/chroots/\n\nsudo sbuild-createchroot --keyring=/usr/share/keyrings/kali-archive-keyring.gpg --arch=amd64 --components=main,contrib,non-free --include=kali-archive-keyring kali-dev kali-dev-amd64-sbuild http://http.kali.org/kali\n\necho \"source-root-groups=root,sbuild\" | sudo tee -a /etc/schroot/chroot.d/kali-dev-amd64-sbuild*\n\nsudo sbuild-adduser $USER\n```\n\n\n## Importing\n\n匯入你的專案\n\n```bash=\n\nmkdir -p ~/kali/packages/quark-engine ~/kali/upstream/\n\nwget https://github.com/quark-engine/quark-engine/archive/refs/tags/v21.4.3.tar.gz  -O ~/kali/upstream/quark-engine_21.4.3.orig.tar.gz\n\ncd /home/kali/kali/packages/quark-engine\n\ngit init\n\ngbp import-orig ~/kali/upstream/quark-engine_21.4.3.orig.tar.gz\n```\n\n## Build Package\n\n產生 `.deb` 檔案\n\n```bash=\ngbp buildpackage --git-builder=sbuild\n```\n\n## Reference\n\nhttps://www.kali.org/docs/development/public-packaging/\nhttps://www.kali.org/docs/development/intro-to-packaging-example/\nhttps://www.kali.org/docs/development/setting-up-packaging-system/\nhttps://www.kali.org/docs/development/advanced-packaging-example/","source":"_posts/Debian-Packaging.md","raw":"---\ntitle: Debian Packaging\ndate: 2021-05-03 16:10:42\ntags:\n- Debian\n- Linux\n- Kali Linux\n---\n\n前陣子要將 Quark 上傳至 [Kali Linux](https://www.kali.org/)，需要包成一個 Debian 的安裝檔案費了不少力氣，以下紀錄一下該如何打包一個 Python 專案至 Debian 的 .deb 安裝檔案。\n\n[Kali Linux issue 0007121](https://bugs.kali.org/view.php?id=7121)\n\n## Creating the Debian files\n\nDebian套件強制規定 debian 目錄下需要有以下四個檔案\n\n* control\n* copyright\n* changelog\n* rules\n\n細節可參考 Quark 完成後的 [Debian-目錄](https://github.com/quark-engine/quark-engine/tree/master/debian)\n\n---\n\n### 產生 debian 目錄\n\n使用 `dh_make` 可以自動幫你產生所需的這四個檔案，`quark-engine_21.02.2.orig.tar.gz` 為你的專案壓縮檔案。\n\n```bash=\ndh_make -p quark-engine_21.02.2 -f quark-engine_21.02.2.orig.tar.gz \n\nrm *.ex *.EX README.* *.docs\n```\n\n## System Requirements\n\n\n更新環境\n\n```bash=\necho \"deb http://http.kali.org/kali kali-rolling main non-free contrib\" | sudo tee /etc/apt/sources.list\n\nsudo apt-get update\n```\n\n安裝需要的檔案\n```bash=\nsudo apt install -y packaging-dev apt-file gitk mr\n\nsudo apt-get install -y devscripts debhelper dh-make git-buildpackage sbuild dh-python python3-all\n```\n\n設定 sbuild，完成後重新登入\n\n```bash=\nsudo mkdir -p /srv/chroots/\ncd /srv/chroots/\n\nsudo sbuild-createchroot --keyring=/usr/share/keyrings/kali-archive-keyring.gpg --arch=amd64 --components=main,contrib,non-free --include=kali-archive-keyring kali-dev kali-dev-amd64-sbuild http://http.kali.org/kali\n\necho \"source-root-groups=root,sbuild\" | sudo tee -a /etc/schroot/chroot.d/kali-dev-amd64-sbuild*\n\nsudo sbuild-adduser $USER\n```\n\n\n## Importing\n\n匯入你的專案\n\n```bash=\n\nmkdir -p ~/kali/packages/quark-engine ~/kali/upstream/\n\nwget https://github.com/quark-engine/quark-engine/archive/refs/tags/v21.4.3.tar.gz  -O ~/kali/upstream/quark-engine_21.4.3.orig.tar.gz\n\ncd /home/kali/kali/packages/quark-engine\n\ngit init\n\ngbp import-orig ~/kali/upstream/quark-engine_21.4.3.orig.tar.gz\n```\n\n## Build Package\n\n產生 `.deb` 檔案\n\n```bash=\ngbp buildpackage --git-builder=sbuild\n```\n\n## Reference\n\nhttps://www.kali.org/docs/development/public-packaging/\nhttps://www.kali.org/docs/development/intro-to-packaging-example/\nhttps://www.kali.org/docs/development/setting-up-packaging-system/\nhttps://www.kali.org/docs/development/advanced-packaging-example/","slug":"Debian-Packaging","published":1,"updated":"2021-05-03T08:30:55.417Z","comments":1,"layout":"post","photos":[],"link":"","_id":"cko8cfhk80001ggsa9rpi8kqb","content":"<p>前陣子要將 Quark 上傳至 <a href=\"https://www.kali.org/\">Kali Linux</a>，需要包成一個 Debian 的安裝檔案費了不少力氣，以下紀錄一下該如何打包一個 Python 專案至 Debian 的 .deb 安裝檔案。</p>\n<p><a href=\"https://bugs.kali.org/view.php?id=7121\">Kali Linux issue 0007121</a></p>\n<h2 id=\"Creating-the-Debian-files\"><a href=\"#Creating-the-Debian-files\" class=\"headerlink\" title=\"Creating the Debian files\"></a>Creating the Debian files</h2><p>Debian套件強制規定 debian 目錄下需要有以下四個檔案</p>\n<ul>\n<li>control</li>\n<li>copyright</li>\n<li>changelog</li>\n<li>rules</li>\n</ul>\n<p>細節可參考 Quark 完成後的 <a href=\"https://github.com/quark-engine/quark-engine/tree/master/debian\">Debian-目錄</a></p>\n<hr>\n<h3 id=\"產生-debian-目錄\"><a href=\"#產生-debian-目錄\" class=\"headerlink\" title=\"產生 debian 目錄\"></a>產生 debian 目錄</h3><p>使用 <code>dh_make</code> 可以自動幫你產生所需的這四個檔案，<code>quark-engine_21.02.2.orig.tar.gz</code> 為你的專案壓縮檔案。</p>\n<figure class=\"highlight bash\"><table><tr><td class=\"gutter\"><pre><span class=\"line\">1</span><br><span class=\"line\">2</span><br><span class=\"line\">3</span><br></pre></td><td class=\"code\"><pre><span class=\"line\">dh_make -p quark-engine_21.02.2 -f quark-engine_21.02.2.orig.tar.gz </span><br><span class=\"line\"></span><br><span class=\"line\">rm *.ex *.EX README.* *.docs</span><br></pre></td></tr></table></figure>\n\n<h2 id=\"System-Requirements\"><a href=\"#System-Requirements\" class=\"headerlink\" title=\"System Requirements\"></a>System Requirements</h2><p>更新環境</p>\n<figure class=\"highlight bash\"><table><tr><td class=\"gutter\"><pre><span class=\"line\">1</span><br><span class=\"line\">2</span><br><span class=\"line\">3</span><br></pre></td><td class=\"code\"><pre><span class=\"line\"><span class=\"built_in\">echo</span> <span class=\"string\">&quot;deb http://http.kali.org/kali kali-rolling main non-free contrib&quot;</span> | sudo tee /etc/apt/sources.list</span><br><span class=\"line\"></span><br><span class=\"line\">sudo apt-get update</span><br></pre></td></tr></table></figure>\n\n<p>安裝需要的檔案</p>\n<figure class=\"highlight bash\"><table><tr><td class=\"gutter\"><pre><span class=\"line\">1</span><br><span class=\"line\">2</span><br><span class=\"line\">3</span><br></pre></td><td class=\"code\"><pre><span class=\"line\">sudo apt install -y packaging-dev apt-file gitk mr</span><br><span class=\"line\"></span><br><span class=\"line\">sudo apt-get install -y devscripts debhelper dh-make git-buildpackage sbuild dh-python python3-all</span><br></pre></td></tr></table></figure>\n\n<p>設定 sbuild，完成後重新登入</p>\n<figure class=\"highlight bash\"><table><tr><td class=\"gutter\"><pre><span class=\"line\">1</span><br><span class=\"line\">2</span><br><span class=\"line\">3</span><br><span class=\"line\">4</span><br><span class=\"line\">5</span><br><span class=\"line\">6</span><br><span class=\"line\">7</span><br><span class=\"line\">8</span><br></pre></td><td class=\"code\"><pre><span class=\"line\">sudo mkdir -p /srv/chroots/</span><br><span class=\"line\"><span class=\"built_in\">cd</span> /srv/chroots/</span><br><span class=\"line\"></span><br><span class=\"line\">sudo sbuild-createchroot --keyring=/usr/share/keyrings/kali-archive-keyring.gpg --arch=amd64 --components=main,contrib,non-free --include=kali-archive-keyring kali-dev kali-dev-amd64-sbuild http://http.kali.org/kali</span><br><span class=\"line\"></span><br><span class=\"line\"><span class=\"built_in\">echo</span> <span class=\"string\">&quot;source-root-groups=root,sbuild&quot;</span> | sudo tee -a /etc/schroot/chroot.d/kali-dev-amd64-sbuild*</span><br><span class=\"line\"></span><br><span class=\"line\">sudo sbuild-adduser <span class=\"variable\">$USER</span></span><br></pre></td></tr></table></figure>\n\n\n<h2 id=\"Importing\"><a href=\"#Importing\" class=\"headerlink\" title=\"Importing\"></a>Importing</h2><p>匯入你的專案</p>\n<figure class=\"highlight bash\"><table><tr><td class=\"gutter\"><pre><span class=\"line\">1</span><br><span class=\"line\">2</span><br><span class=\"line\">3</span><br><span class=\"line\">4</span><br><span class=\"line\">5</span><br><span class=\"line\">6</span><br><span class=\"line\">7</span><br><span class=\"line\">8</span><br><span class=\"line\">9</span><br><span class=\"line\">10</span><br></pre></td><td class=\"code\"><pre><span class=\"line\"></span><br><span class=\"line\">mkdir -p ~/kali/packages/quark-engine ~/kali/upstream/</span><br><span class=\"line\"></span><br><span class=\"line\">wget https://github.com/quark-engine/quark-engine/archive/refs/tags/v21.4.3.tar.gz  -O ~/kali/upstream/quark-engine_21.4.3.orig.tar.gz</span><br><span class=\"line\"></span><br><span class=\"line\"><span class=\"built_in\">cd</span> /home/kali/kali/packages/quark-engine</span><br><span class=\"line\"></span><br><span class=\"line\">git init</span><br><span class=\"line\"></span><br><span class=\"line\">gbp import-orig ~/kali/upstream/quark-engine_21.4.3.orig.tar.gz</span><br></pre></td></tr></table></figure>\n\n<h2 id=\"Build-Package\"><a href=\"#Build-Package\" class=\"headerlink\" title=\"Build Package\"></a>Build Package</h2><p>產生 <code>.deb</code> 檔案</p>\n<figure class=\"highlight bash\"><table><tr><td class=\"gutter\"><pre><span class=\"line\">1</span><br></pre></td><td class=\"code\"><pre><span class=\"line\">gbp buildpackage --git-builder=sbuild</span><br></pre></td></tr></table></figure>\n\n<h2 id=\"Reference\"><a href=\"#Reference\" class=\"headerlink\" title=\"Reference\"></a>Reference</h2><p><a href=\"https://www.kali.org/docs/development/public-packaging/\">https://www.kali.org/docs/development/public-packaging/</a><br><a href=\"https://www.kali.org/docs/development/intro-to-packaging-example/\">https://www.kali.org/docs/development/intro-to-packaging-example/</a><br><a href=\"https://www.kali.org/docs/development/setting-up-packaging-system/\">https://www.kali.org/docs/development/setting-up-packaging-system/</a><br><a href=\"https://www.kali.org/docs/development/advanced-packaging-example/\">https://www.kali.org/docs/development/advanced-packaging-example/</a></p>\n","site":{"data":{}},"excerpt":"","more":"<p>前陣子要將 Quark 上傳至 <a href=\"https://www.kali.org/\">Kali Linux</a>，需要包成一個 Debian 的安裝檔案費了不少力氣，以下紀錄一下該如何打包一個 Python 專案至 Debian 的 .deb 安裝檔案。</p>\n<p><a href=\"https://bugs.kali.org/view.php?id=7121\">Kali Linux issue 0007121</a></p>\n<h2 id=\"Creating-the-Debian-files\"><a href=\"#Creating-the-Debian-files\" class=\"headerlink\" title=\"Creating the Debian files\"></a>Creating the Debian files</h2><p>Debian套件強制規定 debian 目錄下需要有以下四個檔案</p>\n<ul>\n<li>control</li>\n<li>copyright</li>\n<li>changelog</li>\n<li>rules</li>\n</ul>\n<p>細節可參考 Quark 完成後的 <a href=\"https://github.com/quark-engine/quark-engine/tree/master/debian\">Debian-目錄</a></p>\n<hr>\n<h3 id=\"產生-debian-目錄\"><a href=\"#產生-debian-目錄\" class=\"headerlink\" title=\"產生 debian 目錄\"></a>產生 debian 目錄</h3><p>使用 <code>dh_make</code> 可以自動幫你產生所需的這四個檔案，<code>quark-engine_21.02.2.orig.tar.gz</code> 為你的專案壓縮檔案。</p>\n<figure class=\"highlight bash\"><table><tr><td class=\"gutter\"><pre><span class=\"line\">1</span><br><span class=\"line\">2</span><br><span class=\"line\">3</span><br></pre></td><td class=\"code\"><pre><span class=\"line\">dh_make -p quark-engine_21.02.2 -f quark-engine_21.02.2.orig.tar.gz </span><br><span class=\"line\"></span><br><span class=\"line\">rm *.ex *.EX README.* *.docs</span><br></pre></td></tr></table></figure>\n\n<h2 id=\"System-Requirements\"><a href=\"#System-Requirements\" class=\"headerlink\" title=\"System Requirements\"></a>System Requirements</h2><p>更新環境</p>\n<figure class=\"highlight bash\"><table><tr><td class=\"gutter\"><pre><span class=\"line\">1</span><br><span class=\"line\">2</span><br><span class=\"line\">3</span><br></pre></td><td class=\"code\"><pre><span class=\"line\"><span class=\"built_in\">echo</span> <span class=\"string\">&quot;deb http://http.kali.org/kali kali-rolling main non-free contrib&quot;</span> | sudo tee /etc/apt/sources.list</span><br><span class=\"line\"></span><br><span class=\"line\">sudo apt-get update</span><br></pre></td></tr></table></figure>\n\n<p>安裝需要的檔案</p>\n<figure class=\"highlight bash\"><table><tr><td class=\"gutter\"><pre><span class=\"line\">1</span><br><span class=\"line\">2</span><br><span class=\"line\">3</span><br></pre></td><td class=\"code\"><pre><span class=\"line\">sudo apt install -y packaging-dev apt-file gitk mr</span><br><span class=\"line\"></span><br><span class=\"line\">sudo apt-get install -y devscripts debhelper dh-make git-buildpackage sbuild dh-python python3-all</span><br></pre></td></tr></table></figure>\n\n<p>設定 sbuild，完成後重新登入</p>\n<figure class=\"highlight bash\"><table><tr><td class=\"gutter\"><pre><span class=\"line\">1</span><br><span class=\"line\">2</span><br><span class=\"line\">3</span><br><span class=\"line\">4</span><br><span class=\"line\">5</span><br><span class=\"line\">6</span><br><span class=\"line\">7</span><br><span class=\"line\">8</span><br></pre></td><td class=\"code\"><pre><span class=\"line\">sudo mkdir -p /srv/chroots/</span><br><span class=\"line\"><span class=\"built_in\">cd</span> /srv/chroots/</span><br><span class=\"line\"></span><br><span class=\"line\">sudo sbuild-createchroot --keyring=/usr/share/keyrings/kali-archive-keyring.gpg --arch=amd64 --components=main,contrib,non-free --include=kali-archive-keyring kali-dev kali-dev-amd64-sbuild http://http.kali.org/kali</span><br><span class=\"line\"></span><br><span class=\"line\"><span class=\"built_in\">echo</span> <span class=\"string\">&quot;source-root-groups=root,sbuild&quot;</span> | sudo tee -a /etc/schroot/chroot.d/kali-dev-amd64-sbuild*</span><br><span class=\"line\"></span><br><span class=\"line\">sudo sbuild-adduser <span class=\"variable\">$USER</span></span><br></pre></td></tr></table></figure>\n\n\n<h2 id=\"Importing\"><a href=\"#Importing\" class=\"headerlink\" title=\"Importing\"></a>Importing</h2><p>匯入你的專案</p>\n<figure class=\"highlight bash\"><table><tr><td class=\"gutter\"><pre><span class=\"line\">1</span><br><span class=\"line\">2</span><br><span class=\"line\">3</span><br><span class=\"line\">4</span><br><span class=\"line\">5</span><br><span class=\"line\">6</span><br><span class=\"line\">7</span><br><span class=\"line\">8</span><br><span class=\"line\">9</span><br><span class=\"line\">10</span><br></pre></td><td class=\"code\"><pre><span class=\"line\"></span><br><span class=\"line\">mkdir -p ~/kali/packages/quark-engine ~/kali/upstream/</span><br><span class=\"line\"></span><br><span class=\"line\">wget https://github.com/quark-engine/quark-engine/archive/refs/tags/v21.4.3.tar.gz  -O ~/kali/upstream/quark-engine_21.4.3.orig.tar.gz</span><br><span class=\"line\"></span><br><span class=\"line\"><span class=\"built_in\">cd</span> /home/kali/kali/packages/quark-engine</span><br><span class=\"line\"></span><br><span class=\"line\">git init</span><br><span class=\"line\"></span><br><span class=\"line\">gbp import-orig ~/kali/upstream/quark-engine_21.4.3.orig.tar.gz</span><br></pre></td></tr></table></figure>\n\n<h2 id=\"Build-Package\"><a href=\"#Build-Package\" class=\"headerlink\" title=\"Build Package\"></a>Build Package</h2><p>產生 <code>.deb</code> 檔案</p>\n<figure class=\"highlight bash\"><table><tr><td class=\"gutter\"><pre><span class=\"line\">1</span><br></pre></td><td class=\"code\"><pre><span class=\"line\">gbp buildpackage --git-builder=sbuild</span><br></pre></td></tr></table></figure>\n\n<h2 id=\"Reference\"><a href=\"#Reference\" class=\"headerlink\" title=\"Reference\"></a>Reference</h2><p><a href=\"https://www.kali.org/docs/development/public-packaging/\">https://www.kali.org/docs/development/public-packaging/</a><br><a href=\"https://www.kali.org/docs/development/intro-to-packaging-example/\">https://www.kali.org/docs/development/intro-to-packaging-example/</a><br><a href=\"https://www.kali.org/docs/development/setting-up-packaging-system/\">https://www.kali.org/docs/development/setting-up-packaging-system/</a><br><a href=\"https://www.kali.org/docs/development/advanced-packaging-example/\">https://www.kali.org/docs/development/advanced-packaging-example/</a></p>\n"},{"title":"pipenv","date":"2020-09-24T06:15:06.000Z","_content":"\n# Install from github\n```bash=\npipenv install -e git+https://github.com/quark-engine/quark-engine.git#egg=quark-engine\n```\n* First \"quark-enigne\": user\n* Second \"quark-engine\": repo\n* @develop: The branch what you want to install\n* #egg=quark-engine: The package name that will be recorded in pipenv\n","source":"_posts/pipenv.md","raw":"---\ntitle: [pipenv]\ndate: 2020-09-24 14:15:06\ntags:\n- python\n- git\n---\n\n# Install from github\n```bash=\npipenv install -e git+https://github.com/quark-engine/quark-engine.git#egg=quark-engine\n```\n* First \"quark-enigne\": user\n* Second \"quark-engine\": repo\n* @develop: The branch what you want to install\n* #egg=quark-engine: The package name that will be recorded in pipenv\n","slug":"pipenv","published":1,"updated":"2020-09-24T06:22:39.000Z","comments":1,"layout":"post","photos":[],"link":"","_id":"cko8cfhkc0003ggsa3pxgfimr","content":"<h1 id=\"Install-from-github\"><a href=\"#Install-from-github\" class=\"headerlink\" title=\"Install from github\"></a>Install from github</h1><figure class=\"highlight bash\"><table><tr><td class=\"gutter\"><pre><span class=\"line\">1</span><br></pre></td><td class=\"code\"><pre><span class=\"line\">pipenv install -e git+https://github.com/quark-engine/quark-engine.git<span class=\"comment\">#egg=quark-engine</span></span><br></pre></td></tr></table></figure>\n<ul>\n<li>First “quark-enigne”: user</li>\n<li>Second “quark-engine”: repo</li>\n<li>@develop: The branch what you want to install</li>\n<li>#egg=quark-engine: The package name that will be recorded in pipenv</li>\n</ul>\n","site":{"data":{}},"excerpt":"","more":"<h1 id=\"Install-from-github\"><a href=\"#Install-from-github\" class=\"headerlink\" title=\"Install from github\"></a>Install from github</h1><figure class=\"highlight bash\"><table><tr><td class=\"gutter\"><pre><span class=\"line\">1</span><br></pre></td><td class=\"code\"><pre><span class=\"line\">pipenv install -e git+https://github.com/quark-engine/quark-engine.git<span class=\"comment\">#egg=quark-engine</span></span><br></pre></td></tr></table></figure>\n<ul>\n<li>First “quark-enigne”: user</li>\n<li>Second “quark-engine”: repo</li>\n<li>@develop: The branch what you want to install</li>\n<li>#egg=quark-engine: The package name that will be recorded in pipenv</li>\n</ul>\n"}],"PostAsset":[],"PostCategory":[],"PostTag":[{"post_id":"cko8cfhk80001ggsa9rpi8kqb","tag_id":"cko8cfhke0004ggsa2i2h0yww","_id":"cko8cfhkl000bggsa86wxagml"},{"post_id":"cko8cfhk80001ggsa9rpi8kqb","tag_id":"cko8cfhkj0008ggsaeiidg2ga","_id":"cko8cfhkl000cggsahe6t38jg"},{"post_id":"cko8cfhk80001ggsa9rpi8kqb","tag_id":"cko8cfhkj0009ggsa7j241h83","_id":"cko8cfhkl000eggsacgf67xp3"},{"post_id":"cko8cfhkc0003ggsa3pxgfimr","tag_id":"cko8cfhkk000aggsadhif6357","_id":"cko8cfhkm000fggsa0q402g4d"},{"post_id":"cko8cfhkc0003ggsa3pxgfimr","tag_id":"cko8cfhkl000dggsa5t3ccsu9","_id":"cko8cfhkm000gggsabziaclew"}],"Tag":[{"name":"Debian","_id":"cko8cfhke0004ggsa2i2h0yww"},{"name":"Linux","_id":"cko8cfhkj0008ggsaeiidg2ga"},{"name":"Kali Linux","_id":"cko8cfhkj0009ggsa7j241h83"},{"name":"python","_id":"cko8cfhkk000aggsadhif6357"},{"name":"git","_id":"cko8cfhkl000dggsa5t3ccsu9"}]}}