{"meta":{"title":"JunWei Song' Blog","subtitle":"Security Complete Me","description":"","author":"JunWei Song","url":"https://krnick.github.io","root":"/"},"pages":[{"title":"About","date":"2021-05-02T13:43:45.021Z","updated":"2021-05-02T13:43:45.010Z","comments":false,"path":"about/index.html","permalink":"https://krnick.github.io/about/index.html","excerpt":"","text":"JunWei is a security researcher and open-source enthusiast from Taiwan. A paranoid Pythonista and CPython contributor who now focuses on Android reverse engineering and malware analysis. And as a member of the PyCon Taiwan Program Committee, previously presented at Black Hat, DEFCON, HITB, ROOTCON, GrayHat, PyCon Europe/TW/KR/MY/IN. He’s the co-founder of Quark-Engine and the Quark package maintainer on Kali Linux, leading Quark to participate in the GSoC under the Honeynet Project since 2021. Google summer of code 2021 Mentor 履歷 (Mandarin Version 中文版) Resume (English Version 英文版) The projects I am currently working on:"},{"title":"Categories","date":"2020-09-23T05:06:09.000Z","updated":"2020-09-23T06:49:00.000Z","comments":false,"path":"categories/index.html","permalink":"https://krnick.github.io/categories/index.html","excerpt":"","text":""},{"title":"Books","date":"2020-09-23T04:54:06.000Z","updated":"2020-09-23T06:49:04.000Z","comments":false,"path":"books/index.html","permalink":"https://krnick.github.io/books/index.html","excerpt":"","text":""},{"title":"Talks","date":"2020-09-23T06:16:10.000Z","updated":"2021-03-05T04:59:31.000Z","comments":false,"path":"talks/index.html","permalink":"https://krnick.github.io/talks/index.html","excerpt":"","text":"TalksBlack Hat AsiaBlack Hat Asia Arsenal 2021 DEFCON 28DEFCON Blue Team Villages 2020 , Video ROOTCONROOTCON 2020 Hack in the boxHITB Lockdwon 2020, Video HITB2020AMS Armory PyCon 2020 PyCon India 2020 Europython 2020 PyCon Taiwan 2020 2019 PyCon Taiwan 2019 PyCon Korea 2019 PyCon Malaysia 2019"},{"title":"Tags","date":"2020-09-23T05:06:01.000Z","updated":"2020-09-23T06:48:54.000Z","comments":false,"path":"tags/index.html","permalink":"https://krnick.github.io/tags/index.html","excerpt":"","text":""}],"posts":[{"title":"Debian Packaging","slug":"Debian-Packaging","date":"2021-05-03T08:10:42.000Z","updated":"2021-05-03T08:30:55.417Z","comments":true,"path":"2021/05/03/Debian-Packaging/","link":"","permalink":"https://krnick.github.io/2021/05/03/Debian-Packaging/","excerpt":"","text":"前陣子要將 Quark 上傳至 Kali Linux，需要包成一個 Debian 的安裝檔案費了不少力氣，以下紀錄一下該如何打包一個 Python 專案至 Debian 的 .deb 安裝檔案。 Kali Linux issue 0007121 Creating the Debian filesDebian套件強制規定 debian 目錄下需要有以下四個檔案 control copyright changelog rules 細節可參考 Quark 完成後的 Debian-目錄 產生 debian 目錄使用 dh_make 可以自動幫你產生所需的這四個檔案，quark-engine_21.02.2.orig.tar.gz 為你的專案壓縮檔案。 123dh_make -p quark-engine_21.02.2 -f quark-engine_21.02.2.orig.tar.gz rm *.ex *.EX README.* *.docs System Requirements更新環境 123echo &quot;deb http://http.kali.org/kali kali-rolling main non-free contrib&quot; | sudo tee /etc/apt/sources.listsudo apt-get update 安裝需要的檔案 123sudo apt install -y packaging-dev apt-file gitk mrsudo apt-get install -y devscripts debhelper dh-make git-buildpackage sbuild dh-python python3-all 設定 sbuild，完成後重新登入 12345678sudo mkdir -p /srv/chroots/cd /srv/chroots/sudo sbuild-createchroot --keyring=/usr/share/keyrings/kali-archive-keyring.gpg --arch=amd64 --components=main,contrib,non-free --include=kali-archive-keyring kali-dev kali-dev-amd64-sbuild http://http.kali.org/kaliecho &quot;source-root-groups=root,sbuild&quot; | sudo tee -a /etc/schroot/chroot.d/kali-dev-amd64-sbuild*sudo sbuild-adduser $USER Importing匯入你的專案 12345678910mkdir -p ~/kali/packages/quark-engine ~/kali/upstream/wget https://github.com/quark-engine/quark-engine/archive/refs/tags/v21.4.3.tar.gz -O ~/kali/upstream/quark-engine_21.4.3.orig.tar.gzcd /home/kali/kali/packages/quark-enginegit initgbp import-orig ~/kali/upstream/quark-engine_21.4.3.orig.tar.gz Build Package產生 .deb 檔案 1gbp buildpackage --git-builder=sbuild Referencehttps://www.kali.org/docs/development/public-packaging/https://www.kali.org/docs/development/intro-to-packaging-example/https://www.kali.org/docs/development/setting-up-packaging-system/https://www.kali.org/docs/development/advanced-packaging-example/","categories":[],"tags":[{"name":"Debian","slug":"Debian","permalink":"https://krnick.github.io/tags/Debian/"},{"name":"Linux","slug":"Linux","permalink":"https://krnick.github.io/tags/Linux/"},{"name":"Kali Linux","slug":"Kali-Linux","permalink":"https://krnick.github.io/tags/Kali-Linux/"}]},{"title":"pipenv","slug":"pipenv","date":"2020-09-24T06:15:06.000Z","updated":"2020-09-24T06:22:39.000Z","comments":true,"path":"2020/09/24/pipenv/","link":"","permalink":"https://krnick.github.io/2020/09/24/pipenv/","excerpt":"","text":"Install from github1pipenv install -e git+https://github.com/quark-engine/quark-engine.git#egg=quark-engine First “quark-enigne”: user Second “quark-engine”: repo @develop: The branch what you want to install #egg=quark-engine: The package name that will be recorded in pipenv","categories":[],"tags":[{"name":"python","slug":"python","permalink":"https://krnick.github.io/tags/python/"},{"name":"git","slug":"git","permalink":"https://krnick.github.io/tags/git/"}]}],"categories":[],"tags":[{"name":"Debian","slug":"Debian","permalink":"https://krnick.github.io/tags/Debian/"},{"name":"Linux","slug":"Linux","permalink":"https://krnick.github.io/tags/Linux/"},{"name":"Kali Linux","slug":"Kali-Linux","permalink":"https://krnick.github.io/tags/Kali-Linux/"},{"name":"python","slug":"python","permalink":"https://krnick.github.io/tags/python/"},{"name":"git","slug":"git","permalink":"https://krnick.github.io/tags/git/"}]}